iterations,bitstring,exact_probability,counts,shots
0,000,0.12499999999999994,551,4096
0,001,0.12499999999999994,511,4096
0,010,0.12499999999999994,482,4096
0,011,0.12499999999999994,545,4096
0,100,0.12499999999999994,521,4096
0,101,0.12499999999999994,497,4096
0,110,0.12499999999999994,523,4096
0,111,0.12499999999999994,466,4096
1,000,0.031249999999999927,136,4096
1,001,0.031249999999999927,132,4096
1,010,0.031249999999999927,133,4096
1,011,0.031249999999999944,133,4096
1,100,0.031249999999999927,129,4096
1,101,0.7812499999999983,3151,4096
1,110,0.031249999999999927,158,4096
1,111,0.031249999999999927,124,4096
2,000,0.007812499999999962,30,4096
2,001,0.007812499999999974,38,4096
2,010,0.007812499999999967,23,4096
2,011,0.007812499999999979,34,4096
2,100,0.007812499999999957,29,4096
2,101,0.945312499999996,3881,4096
2,110,0.007812499999999962,31,4096
2,111,0.0078124999999999644,30,4096
3,000,0.09570312499999944,392,4096
3,001,0.09570312499999938,401,4096
3,010,0.09570312499999944,388,4096
3,011,0.09570312499999938,377,4096
3,100,0.09570312499999944,408,4096
3,101,0.33007812499999817,1368,4096
3,110,0.09570312499999944,382,4096
3,111,0.09570312499999944,380,4096
4,000,0.14111328124999895,594,4096
4,001,0.14111328124999903,599,4096
4,010,0.14111328124999895,572,4096
4,011,0.14111328124999903,519,4096
4,100,0.14111328124999886,594,4096
4,101,0.012207031249999872,54,4096
4,110,0.14111328124999886,568,4096
4,111,0.14111328124999895,596,4096
5,000,0.06457519531249938,270,4096
5,001,0.06457519531249932,275,4096
5,010,0.0645751953124994,240,4096
5,011,0.06457519531249938,254,4096
5,100,0.06457519531249943,254,4096
5,101,0.5479736328124946,2322,4096
5,110,0.0645751953124994,257,4096
5,111,0.06457519531249938,224,4096
6,000,3.0517578124999543e-05,0,4096
6,001,3.051757812500138e-05,0,4096
6,010,3.0517578124999803e-05,0,4096
6,011,3.0517578124999946e-05,0,4096
6,100,3.051757812499809e-05,0,4096
6,101,0.9997863769531133,4096,4096
6,110,3.0517578124999803e-05,0,4096
6,111,3.051757812500002e-05,0,4096
7,000,0.060432434082030397,228,4096
7,001,0.060432434082030494,255,4096
7,010,0.06043243408203044,261,4096
7,011,0.06043243408203045,262,4096
7,100,0.06043243408203037,244,4096
7,101,0.5769729614257734,2315,4096
7,110,0.06043243408203041,248,4096
7,111,0.060432434082030397,283,4096
8,000,0.14007759094238076,542,4096
8,001,0.14007759094238054,584,4096
8,010,0.1400775909423807,587,4096
8,011,0.14007759094238062,589,4096
8,100,0.14007759094238068,546,4096
8,101,0.019456863403320052,99,4096
8,110,0.1400775909423807,565,4096
8,111,0.1400775909423807,584,4096
