iterations,oracle_calls,target,exact_success,theory_success,sampled_success,target_counts,shots
0,0,101,0.12499999999999994,0.12499999999999997,0.121337890625,497,4096
1,1,101,0.7812499999999983,0.7812499999999999,0.769287109375,3151,4096
2,2,101,0.945312499999996,0.9453125000000001,0.947509765625,3881,4096
3,3,101,0.33007812499999817,0.330078125,0.333984375,1368,4096
4,4,101,0.012207031249999872,0.012207031249999894,0.01318359375,54,4096
5,5,101,0.5479736328124946,0.5479736328125,0.56689453125,2322,4096
6,6,101,0.9997863769531133,0.9997863769531249,1.0,4096,4096
7,7,101,0.5769729614257734,0.5769729614257815,0.565185546875,2315,4096
8,8,101,0.019456863403320052,0.01945686340332051,0.024169921875,99,4096
